ID;PAROLA;MacroCategoria;Categoria;SottoCategoria;Necessita;Frequenza;Stagionalita;Fonte;Peso;Numero Pattern;Numero Transazioni;Ultimo Utilizzo
195;ARIDA CAFFE;Alimentari;Bar;Caffetteria;Utile;Occasionale;Tutto l'anno;Migrazione;77;4;1;06/05/2025
35;CAFFETTERIA;Alimentari;Bar;Caffetteria;Utile;Occasionale;Tutto l'anno;Migrazione;75;4;1;02/04/2025
306;LA BOTTEGA DEL CAFFE';Alimentari;Bar;Caffetteria;Utile;Occasionale;Tutto l'anno;Migrazione;78;4;1;14/09/2024
317;STARBUCKS;Alimentari;Bar;Caffetteria;Voluttuario;Occasionale;Estera;Migrazione;95;4;1;25/04/2025
262;FAUST SATYRUS;Alimentari;Bar;Faust Satyrus;Utile;Occasionale;Tutto l'anno;Migrazione;70;1;1;22/06/2024
259;FRAGISKOS;Alimentari;Bar;Fragiskos;Utile;Occasionale;Estiva;Migrazione;72;1;1;21/07/2024
264;IDEA KAFE;Alimentari;Bar;Idea Kafe;Utile;Occasionale;Estiva;Migrazione;77;1;1;22/07/2024
282;KATSANIS;Alimentari;Bar;Katsanis;Utile;Occasionale;Estiva;Migrazione;73;1;1;24/07/2024
283;MOYSTAKIS;Alimentari;Bar;Moystakis;Utile;Occasionale;Estiva;Migrazione;75;1;1;24/07/2024
258;MY COFFEE;Alimentari;Bar;My Coffee;Utile;Occasionale;Estiva;Migrazione;78;1;1;21/07/2024
263;OPEC;Alimentari;Bar;Opec;Utile;Occasionale;Tutto l'anno;Migrazione;70;1;1;22/06/2025
265;RELAX;Alimentari;Bar;Relax;Utile;Occasionale;Estiva;Migrazione;77;1;1;22/07/2024
268;SKOULATOS;Alimentari;Bar;Skoulatos;Utile;Occasionale;Estiva;Migrazione;75;1;1;22/07/2024
253;A BRASILEIRA;Alimentari;Caffetteria;Brasileira;Voluttuario;Occasionale;Estiva;Migrazione;70;1;1;20/12/2024
309;ANAGNINA FOOD KIOSK;Alimentari;Chiosco;Food Kiosk;Voluttuario;Occasionale;Tutto l'anno;Migrazione;79;1;1;18/05/2025
230;ROMANA FLORA;Alimentari;Fiori;Floricultura;Utile;Occasionale;Tutto l'anno;Migrazione;70;1;1;14/02/2025
19;FRUTTERIA;Alimentari;Frutta/Orto;Frutteria;Essenziale;Occasionale;Tutto l'anno;Migrazione;90;1;10;14/06/2025
231;IL MONDO DELLA FRUTTA;Alimentari;Frutta/Orto;Il Mondo della Frutta;Essenziale;Occasionale;Tutto l'anno;Migrazione;78;1;1;15/02/2025
278;AMOR DI GUSTO;Alimentari;Gastronomia;Amor di Gusto;Voluttuario;Occasionale;Tutto l'anno;Migrazione;78;1;1;24/05/2025
50;ARGU;Alimentari;Gastronomia;Argu;Voluttuario;Occasionale;Tutto l'anno;Migrazione;80;1;11;09/06/2025
29;BISTROT;Alimentari;Gastronomia;Bistrot;Voluttuario;Occasionale;Tutto l'anno;Migrazione;82;1;2;02/03/2025
49;CR ITALY;Alimentari;Gastronomia;Cr Italy;Voluttuario;Occasionale;Tutto l'anno;Migrazione;75;1;1;04/03/2025
53;FATIFER;Alimentari;Gastronomia;Fatifèr;Utile;Occasionale;Tutto l'anno;Migrazione;75;1;1;14/06/2025
226;BOLOGNA FOOD GALLERY;Alimentari;Gastronomia;Galleria;Voluttuario;Occasionale;Tutto l'anno;Migrazione;75;1;1;13/06/2025
33;AMI POKE';Alimentari;Gastronomia;Gastronomia;Voluttuario;Occasionale;Tutto l'anno;Migrazione;75;2;1;04/03/2025
34;FARIN KITCHEN;Alimentari;Gastronomia;Gastronomia;Voluttuario;Occasionale;Tutto l'anno;Migrazione;75;2;1;03/04/2025
30;POLLERIA;Alimentari;Gastronomia;Polleria;Utile;Occasionale;Tutto l'anno;Migrazione;75;1;2;06/05/2025
36;GELARMONY;Alimentari;Gelateria;Gelateria;Utile;Occasionale;Estiva;Migrazione;80;1;1;06/04/2025
269;I NOBILI GELATERIA;Alimentari;Gelateria;I Nobili Gelateria;Utile;Occasionale;Estiva;Migrazione;81;1;1;23/03/2025
331;SCAGORA GOURMET;Alimentari;Gourmet;Gastronomia;Voluttuario;Occasionale;Estera;Migrazione;78;1;1;28/09/2024
233;TRUTH;Alimentari;Healthy;Truth;Utile;Occasionale;Tutto l'anno;Migrazione;70;1;4;15/06/2025
328;CASEIFICIO LA PAGLIARA;Alimentari;Latticini;Caseificio;Essenziale;Occasionale;Tutto l'anno;Migrazione;75;1;1;27/11/2024
55;CASEIFICIO GIUSTI;Alimentari;Latticini;Caseificio Giusti;Essenziale;Occasionale;Tutto l'anno;Migrazione;80;1;3;30/03/2025
51;LAVANDERIA DM;Alimentari;Lavanderia;Lavanderia DM;Utile;Occasionale;Tutto l'anno;Migrazione;75;1;1;04/07/2025
220;IL MANNARINO;Alimentari;Macelleria;Il Mannarino;Essenziale;Occasionale;Tutto l'anno;Migrazione;80;1;1;12/06/2025
46;MENSA POLO;Alimentari;Mensa;Mensa Polo Tuscolano;Essenziale;Occasionale;Tutto l'anno;Migrazione;90;2;17;27/06/2025
37;MENSA POLO TUSCOLANO;Alimentari;Mensa;Mensa Polo Tuscolano;Essenziale;Occasionale;Tutto l'anno;Migrazione;85;2;17;27/06/2025
42;LE PALME;Alimentari;Pane;Le Palme;Essenziale;Occasionale;Tutto l'anno;Migrazione;75;1;2;03/05/2025
292;LA FAMILLE;Alimentari;Panetteria;La Famille;Utile;Occasionale;Viaggio;Migrazione;75;1;2;28/05/2025
211;IL TIGELLINO;Alimentari;Panetteria;Pane e Tigella;Utile;Occasionale;Tutto l'anno;Migrazione;75;1;1;11/06/2025
288;PAUL1;Alimentari;Panetteria;Paul;Utile;Occasionale;Viaggio;Migrazione;73;1;1;25/05/2025
337;PAUSE SANDWICH;Alimentari;Panini/Sandwich;Pause Sandwich;Voluttuario;Occasionale;Viaggio/Estera;Migrazione;80;1;1;27/05/2025
254;CARRINHO CONFEITARIA;Alimentari;Pasticceria;Carrinho Confeitaria;Essenziale;Occasionale;Estiva;Migrazione;70;1;1;20/12/2024
28;CORNETTOLANDIA;Alimentari;Pasticceria;Cornetteria;Utile;Occasionale;Tutto l'anno;Migrazione;80;1;1;02/07/2024
336;OBERLAA KONDITOREI;Alimentari;Pasticceria;Konditorei;Voluttuario;Occasionale;Viaggio/Estera;Migrazione;88;1;1;27/04/2025
248;PASTEIS DE BELEM;Alimentari;Pasticceria;Pasteis de Belem;Voluttuario;Occasionale;Tutto l'anno;Migrazione;90;1;1;19/12/2024
322;LA PROMENADE;Alimentari;Pasticceria;Pasticceria;Voluttuario;Occasionale;Estera;Migrazione;75;1;1;26/05/2025
201;PESCE & P.;Alimentari;Pescheria;Pesce;Voluttuario;Occasionale;Tutto l'anno;Migrazione;82;1;1;09/03/2025
61;ANGELO PEZZELLA;Alimentari;Pizzeria;Angelo Pezzella;Voluttuario;Occasionale;Tutto l'anno;Migrazione;90;1;1;30/12/2024
293;PAPA POSTO;Alimentari;Pizzeria;Papa Posto;Utile;Occasionale;Viaggio;Migrazione;75;1;1;28/05/2025
323;RAMEN TON BOL;Alimentari;Ramen;Cucina asiatica;Voluttuario;Occasionale;Estera;Migrazione;80;1;1;26/05/2025
10;BAR;Alimentari;Ristorazione;Bar;Voluttuario;Occasionale;Tutto l'anno;Migrazione;60;5;58;12/07/2025
44;BUDDHA SMILE;Alimentari;Ristorazione;Bar;Voluttuario;Occasionale;Tutto l'anno;Migrazione;88;5;4;01/12/2024
354;GUSTAMI DI IOVANE MARC;Alimentari;Ristorazione;Bar;Voluttuario;Occasionale;Tutto l'anno;Migrazione;90;5;3;24/12/2024
315;MARIA JESUS PINHEIRO;Alimentari;Ristorazione;Bar;Voluttuario;Occasionale;Estera;Migrazione;70;5;1;19/12/2024
314;PEGAL A GOSTO;Alimentari;Ristorazione;Bar;Voluttuario;Occasionale;Estera;Migrazione;75;5;1;19/12/2024
59;QUINTO;Alimentari;Ristorazione;Bar/Ristorante;Voluttuario;Occasionale;Tutto l'anno;Migrazione;80;1;1;30/11/2024
56;BELLOTA-BELLOTA;Alimentari;Ristorazione;Bellota-Bellota;Voluttuario;Occasionale;Tutto l'anno;Migrazione;85;1;1;30/05/2025
224;CHALET LA DELIZIA;Alimentari;Ristorazione;Chalet;Voluttuario;Occasionale;Estiva;Migrazione;75;1;1;12/12/2024
237;CIBIVACCO;Alimentari;Ristorazione;Cibivacco;Voluttuario;Occasionale;Tutto l'anno;Migrazione;70;1;1;16/02/2025
236;DA GIGI;Alimentari;Ristorazione;Da Gigi;Voluttuario;Occasionale;Tutto l'anno;Migrazione;75;1;1;16/02/2025
11;DELIVEROO;Alimentari;Ristorazione;Delivery;Voluttuario;Occasionale;Tutto l'anno;Migrazione;90;3;0;Mai utilizzato
13;GLOVO;Alimentari;Ristorazione;Delivery;Voluttuario;Occasionale;Tutto l'anno;Migrazione;90;3;0;Mai utilizzato
12;UBER EATS;Alimentari;Ristorazione;Delivery;Voluttuario;Occasionale;Tutto l'anno;Migrazione;90;3;0;Mai utilizzato
9;BURGER KING;Alimentari;Ristorazione;Fast Food;Voluttuario;Occasionale;Tutto l'anno;Migrazione;95;4;6;04/08/2025
8;MCDONALD;Alimentari;Ristorazione;Fast Food;Voluttuario;Occasionale;Tutto l'anno;Migrazione;95;4;0;Mai utilizzato
206;SEVEN;Alimentari;Ristorazione;Fast Food;Voluttuario;Occasionale;Tutto l'anno;Migrazione;70;4;1;10/05/2025
319;VAPIANO;Alimentari;Ristorazione;Fast Food;Voluttuario;Occasionale;Estera;Migrazione;88;4;2;25/04/2025
208;KALAPA;Alimentari;Ristorazione;Fusion;Voluttuario;Occasionale;Tutto l'anno;Migrazione;78;1;2;11/01/2025
52;MYCHEF;Alimentari;Ristorazione;Giove Est Mychef;Utile;Occasionale;Viaggio;Migrazione;80;1;1;05/01/2025
239;IZUMA;Alimentari;Ristorazione;Izuma;Voluttuario;Occasionale;Tutto l'anno;Migrazione;75;1;2;16/04/2025
291;KOLETSA MARIA;Alimentari;Ristorazione;Koletsa Maria;Voluttuario;Occasionale;Estiva;Migrazione;70;1;1;25/07/2024
310;PEPPE O RUSSO;Alimentari;Ristorazione;Macelleria;Essenziale;Occasionale;Tutto l'anno;Migrazione;75;1;1;18/06/2025
238;SDP MAGLIANO;Alimentari;Ristorazione;Magliano;Voluttuario;Occasionale;Tutto l'anno;Migrazione;70;1;1;16/02/2025
57;MESSICO E NUVOLE;Alimentari;Ristorazione;Messicano;Voluttuario;Occasionale;Tutto l'anno;Migrazione;85;1;1;30/07/2024
256;MON AMI';Alimentari;Ristorazione;Mon Ami;Voluttuario;Occasionale;Tutto l'anno;Migrazione;75;1;1;21/03/2025
207;DA NOI;Alimentari;Ristorazione;Osteria;Voluttuario;Occasionale;Tutto l'anno;Migrazione;83;2;1;10/07/2024
22;OSTERIA;Alimentari;Ristorazione;Osteria;Voluttuario;Occasionale;Tutto l'anno;Migrazione;95;2;4;19/06/2025
320;KELSEN IM PARLAMENT;Alimentari;Ristorazione;Parlamento;Culturale;Occasionale;Estera;Migrazione;75;1;1;26/04/2025
210;LA PIAZZA;Alimentari;Ristorazione;Piazza;Voluttuario;Occasionale;Tutto l'anno;Migrazione;77;1;1;11/06/2025
205;KRAM;Alimentari;Ristorazione;Pizzeria;Voluttuario;Occasionale;Tutto l'anno;Migrazione;70;2;1;10/05/2025
32;PIZZERIA;Alimentari;Ristorazione;Pizzeria;Voluttuario;Occasionale;Tutto l'anno;Migrazione;92;2;0;Mai utilizzato
305;BLANCO;Alimentari;Ristorazione;Ristorante;Voluttuario;Occasionale;Tutto l'anno;Migrazione;80;9;1;14/07/2024
54;CAMAL;Alimentari;Ristorazione;Ristorante;Voluttuario;Occasionale;Tutto l'anno;Migrazione;85;9;8;07/03/2025
353;Country Club di Gu Calcata;Alimentari;Ristorazione;Ristorante;Voluttuario;Occasionale;Tutto l'anno;Migrazione;100;9;1;23/11/2024
197;LA LAMPARA;Alimentari;Ristorazione;Ristorante;Voluttuario;Occasionale;Tutto l'anno;Migrazione;80;9;1;08/03/2025
330;LA PASTERIA;Alimentari;Ristorazione;Ristorante;Voluttuario;Occasionale;Estiva;Migrazione;75;9;1;28/07/2024
192;LI VOLSI;Alimentari;Ristorazione;Ristorante;Voluttuario;Occasionale;Tutto l'anno;Migrazione;80;9;1;03/07/2024
351;OPIA SRL;Alimentari;Ristorazione;Ristorante;Voluttuario;Occasionale;Tutto l'anno;Migrazione;100;9;1;12/10/2024
23;RISTORANTE;Alimentari;Ristorazione;Ristorante;Voluttuario;Occasionale;Tutto l'anno;Migrazione;97;9;9;01/07/2025
47;THE BASE;Alimentari;Ristorazione;Ristorante;Voluttuario;Occasionale;Tutto l'anno;Migrazione;85;9;1;03/07/2024
212;KIYOMI;Alimentari;Ristorazione;Sushi;Voluttuario;Occasionale;Tutto l'anno;Migrazione;80;2;1;11/07/2024
229;SUSHI GOOD;Alimentari;Ristorazione;Sushi;Voluttuario;Occasionale;Tutto l'anno;Migrazione;85;2;1;13/12/2024
245;TABACCHERIA FILIU';Alimentari;Ristorazione;TABACCHERIA FILIU';Utile;Occasionale;Tutto l'anno;Migrazione;70;1;1;17/06/2025
312;TABERNA DA BAIXA;Alimentari;Ristorazione;Taberna;Voluttuario;Occasionale;Estera;Migrazione;75;1;1;18/12/2024
31;TAVERNA;Alimentari;Ristorazione;Taverna;Voluttuario;Occasionale;Tutto l'anno;Migrazione;90;1;1;07/07/2025
194;DA AGNESE;Alimentari;Ristorazione;Trattoria;Voluttuario;Occasionale;Tutto l'anno;Migrazione;82;4;3;09/05/2025
58;DA PAOLO ALLA CAPANNIN;Alimentari;Ristorazione;Trattoria;Voluttuario;Occasionale;Tutto l'anno;Migrazione;85;4;1;30/11/2024
62;DONNA CIRA;Alimentari;Ristorazione;Trattoria;Voluttuario;Occasionale;Tutto l'anno;Migrazione;82;4;1;31/01/2025
218;HELLO SAILOR;Alimentari;Ristorazione;Trattoria;Voluttuario;Occasionale;Tutto l'anno;Migrazione;70;4;1;11/10/2024
63;LA SOLITA ZUPPA;Alimentari;Ristorazione;Zuppa;Voluttuario;Occasionale;Tutto l'anno;Migrazione;85;1;1;07/05/2025
24;LIDL;Alimentari;Spesa quotidiana;Discount;Essenziale;Ricorrente;Tutto l'anno;Migrazione;97;2;9;04/08/2025
7;PENNY;Alimentari;Spesa quotidiana;Discount;Essenziale;Ricorrente;Tutto l'anno;Migrazione;80;2;0;Mai utilizzato
27;FOOD SERVICE;Alimentari;Spesa quotidiana;Food Service;Essenziale;Occasionale;Tutto l'anno;Migrazione;80;1;32;16/12/2024
18;SPESA;Alimentari;Spesa quotidiana;Generale;Essenziale;Ricorrente;Tutto l'anno;Migrazione;80;1;2;01/07/2025
48;EMERALD'S;Alimentari;Spesa quotidiana;Panificio;Essenziale;Occasionale;Tutto l'anno;Migrazione;75;2;1;04/01/2025
21;PANIFICIO;Alimentari;Spesa quotidiana;Panificio;Essenziale;Ricorrente;Tutto l'anno;Migrazione;90;2;3;22/03/2025
343;CARREFOUR;Alimentari;Spesa quotidiana;SUPERMERCATO;Essenziale;Ricorrente;Tutto l'anno;Manuale;80;4;0;Mai utilizzato
340;CONAD;Alimentari;Spesa quotidiana;SUPERMERCATO;Essenziale;Ricorrente;Tutto l'anno;Manuale;90;4;2;18/06/2025
341;COOP;Alimentari;Spesa quotidiana;SUPERMERCATO;Essenziale;Ricorrente;Tutto l'anno;Manuale;90;4;13;17/07/2025
342;ESSELUNGA;Alimentari;Spesa quotidiana;SUPERMERCATO;Essenziale;Ricorrente;Tutto l'anno;Manuale;90;4;0;Mai utilizzato
45;CASA OZ;Alimentari;Spesa quotidiana;Supermercato;Essenziale;Occasionale;Tutto l'anno;Migrazione;80;9;1;02/03/2025
16;CRAI;Alimentari;Spesa quotidiana;Supermercato;Essenziale;Ricorrente;Tutto l'anno;Migrazione;85;9;0;Mai utilizzato
17;EUROSPAR;Alimentari;Spesa quotidiana;Supermercato;Essenziale;Ricorrente;Tutto l'anno;Migrazione;85;9;0;Mai utilizzato
6;IPERCOOP;Alimentari;Spesa quotidiana;Supermercato;Essenziale;Ricorrente;Tutto l'anno;Migrazione;85;9;0;Mai utilizzato
26;PANORAMA;Alimentari;Spesa quotidiana;Supermercato;Essenziale;Ricorrente;Tutto l'anno;Migrazione;95;9;11;04/07/2025
20;PEWEX;Alimentari;Spesa quotidiana;Supermercato;Essenziale;Ricorrente;Tutto l'anno;Migrazione;97;9;51;25/06/2025
43;SCOMODO;Alimentari;Spesa quotidiana;Supermercato;Essenziale;Occasionale;Tutto l'anno;Migrazione;85;9;2;01/08/2024
25;SUPERMERCATI;Alimentari;Spesa quotidiana;Supermercato;Essenziale;Ricorrente;Tutto l'anno;Migrazione;95;9;13;25/06/2025
191;SUPERMERCATO TOP;Alimentari;Spesa quotidiana;Supermercato;Essenziale;Ricorrente;Tutto l'anno;Migrazione;90;9;1;02/06/2025
267;KONTOS SOUVLAKI;Alimentari;Spiedini;Kontos Souvlaki;Voluttuario;Occasionale;Estiva;Migrazione;78;1;1;22/07/2024
289;BI BIM BAP;Alimentari;Street Food;Bi Bim Bap;Voluttuario;Occasionale;Estiva;Migrazione;73;1;1;25/05/2025
249;EMPANADAS MBQ;Alimentari;Street Food;Empanadas;Voluttuario;Occasionale;Estiva;Migrazione;75;1;1;19/12/2024
250;HAPPY FOOD;Alimentari;Street Food;Happy Food;Voluttuario;Occasionale;Tutto l'anno;Migrazione;70;1;1;19/12/2024
60;TREDICINE DINO;Alimentari;Street Food;Tredicine;Voluttuario;Occasionale;Tutto l'anno;Migrazione;82;1;1;30/12/2024
335;ZUM GOLDENEN WUERSTL;Alimentari;Street Food;Wurstel Vienna;Voluttuario;Occasionale;Viaggio/Estera;Migrazione;85;1;1;27/04/2025
281;BAZAAR;Alimentari;Supermercato;BAZAAR;Essenziale;Occasionale;Estiva;Migrazione;75;2;2;15/07/2025
234;SUPER MARKET BAZAAR;Alimentari;Supermercato;BAZAAR;Essenziale;Occasionale;Estiva;Migrazione;78;2;1;15/07/2025
40;DESYDERIO;Alimentari;Supermercato;DESYDERIO;Utile;Occasionale;Tutto l'anno;Migrazione;75;1;1;07/12/2024
41;HAVANA;Alimentari;Supermercato;HAVANA;Utile;Occasionale;Estiva;Migrazione;75;1;8;01/05/2025
286;RELAY;Alimentari;Supermercato;Relay;Essenziale;Occasionale;Viaggio;Migrazione;70;1;1;25/05/2025
276;SPAR;Alimentari;Supermercato;Spar;Essenziale;Occasionale;Viaggio;Migrazione;82;1;2;05/08/2025
1;SUPERMERCATO;Alimentari;Supermercato;Spesa quotidiana;Essenziale;Ricorrente;Essenziale;Manuale;100;1;3;18/06/2025
39;SUNSET BEACH;Alimentari;Supermercato;Sunset Beach;Utile;Occasionale;Estiva;Migrazione;75;1;2;03/08/2024
38;TEDI;Alimentari;Supermercato;TEDI;Essenziale;Ricorrente;Tutto l'anno;Migrazione;80;1;2;04/07/2025
279;EUROSURGELATI;Alimentari;Surgelati;Eurosurgelati;Essenziale;Occasionale;Tutto l'anno;Migrazione;80;1;1;24/06/2025
261;YO FUSION;Alimentari;Sushi;Yo Fusion;Voluttuario;Occasionale;Tutto l'anno;Migrazione;78;1;1;22/05/2025
4;AMAZON;Amazon;Shopping;E-commerce;Utile;Occasionale;Utile;Manuale;90;1;1;25/10/2024
114;EASY SERVICE;Auto;Carburante;EASY SERVICE;Essenziale;Ricorrente;Tutto l'anno;Manuale;90;1;17;31/07/2025
66;FIAMMA;Auto;Carburante;Fiamma;Essenziale;Occasionale;Tutto l'anno;Migrazione;85;1;1;31/05/2025
65;MY OILVIA;Auto;Carburante;MY OILVIA;Essenziale;Occasionale;Tutto l'anno;Migrazione;85;1;1;20/09/2024
64;C.M. MOTORI;Auto;Officina;C.M. Motori;Utile;Occasionale;Tutto l'anno;Migrazione;85;1;1;28/04/2025
334;45575 NOLA;Banca;Bancomat;Sportello;Utile;Occasionale;Tutto l'anno;Migrazione;70;3;1;30/03/2025
333;PV5587;Banca;Bancomat;Sportello;Utile;Occasionale;Tutto l'anno;Migrazione;70;3;1;21/12/2024
332;PV7264;Banca;Bancomat;Sportello;Utile;Occasionale;Tutto l'anno;Migrazione;70;3;1;20/08/2024
67;CREDITO COOPERATIVO;Banca;Carte di Pagamento;Carta Credito Cooperativo;Neutrale;Fissa;Tutto l'anno;Migrazione;90;1;13;17/07/2025
72;AUTOMOBILE;Banca;Commissioni;ACI;Utile;Annuale;Tutto l'anno;Migrazione;90;1;2;13/12/2024
69;BANCOMAT ESTERO;Banca;Commissioni;Bancomat Estero;Neutrale;Occasionale;Tutto l'anno;Migrazione;90;1;4;15/07/2025
71;COMMISSIONI;Banca;Commissioni;Commissioni;Neutrale;Occasionale;Tutto l'anno;Migrazione;80;1;51;30/07/2025
73;IMPOSTA;Banca;Commissioni;Imposte e Tasse;Neutrale;Annuale;Tutto l'anno;Migrazione;85;2;5;30/06/2025
349;Imposte e Tasse;Banca;Commissioni;Imposte e Tasse;Neutrale;Annuale;Tutto l'anno;Migrazione;85;2;3;26/05/2025
70;PRELIEVO;Banca;Commissioni;Prelievo Zona Euro;Neutrale;Occasionale;Tutto l'anno;Migrazione;75;1;22;30/07/2025
68;SEPA;Banca;Commissioni;SEPA;Neutrale;Occasionale;Tutto l'anno;Migrazione;80;1;91;01/08/2025
74;INTERESSI;Banca;Interessi;Competenze;Neutrale;Annuale;Tutto l'anno;Migrazione;85;1;5;30/06/2025
76;ATM;Banca;Prelievo;ATM;Neutrale;Occasionale;Tutto l'anno;Migrazione;85;1;23;30/07/2025
77;PRELEVAMENTO;Banca;Prelievo;Contante Estero;Neutrale;Occasionale;Tutto l'anno;Migrazione;85;1;23;30/07/2025
78;FALIRAKI;Banca;Prelievo;Estero FALIRAKI;Neutrale;Occasionale;Estiva;Migrazione;80;1;1;15/07/2025
79;FIUMICINO;Banca;Prelievo;Estero Fiumicino;Neutrale;Occasionale;Viaggio;Migrazione;80;1;18;07/07/2025
80;NAPOLI;Banca;Prelievo;Estero Napoli;Neutrale;Occasionale;Tutto l'anno;Migrazione;80;1;15;04/08/2025
75;VERSAMENTO;Banca;Servizi;Versamento Sportello;Neutrale;Occasionale;Tutto l'anno;Migrazione;80;1;2;15/05/2025
81;STORNO;Banca;Storni;Storno;Neutrale;Occasionale;Tutto l'anno;Migrazione;85;1;3;22/12/2024
3;BENZINA;Benzina;Trasporti;Carburante;Essenziale;Ricorrente;Essenziale;Manuale;100;1;0;Mai utilizzato
99;CASALANDIA;Casa;Accessori casa;Casalandia;Utile;Occasionale;Tutto l'anno;Migrazione;75;1;3;06/01/2025
101;ZERO FASHION;Casa;Arredamento;Zero Fashion;Utile;Occasionale;Tutto l'anno;Migrazione;80;1;1;06/07/2025
90;ASSICURAZIONE;Casa;Assicurazioni;Assicurazione;Essenziale;Annuale;Tutto l'anno;Migrazione;90;1;6;26/06/2025
91;BARCA;Casa;Assicurazioni;Assicurazione Barca;Essenziale;Annuale;Estiva;Migrazione;92;1;10;01/07/2025
92;CHARTER;Casa;Assicurazioni;Polizza Charter;Essenziale;Annuale;Estiva;Migrazione;92;1;1;25/06/2025
93;QUOTA ASSICURAZIONE;Casa;Assicurazioni;Quota Assicurazione;Essenziale;Annuale;Tutto l'anno;Migrazione;90;1;1;25/06/2025
255;EDILBRIKO;Casa;Brico;Edilbriko;Utile;Occasionale;Tutto l'anno;Migrazione;72;1;1;21/03/2025
232;CAPSULE E CIALDE;Casa;Cialde Caffè;Capsule e Cialde;Utile;Occasionale;Tutto l'anno;Migrazione;80;1;2;15/03/2025
97;ACCONTO;Casa;Condominio;Acconto;Essenziale;Occasionale;Tutto l'anno;Migrazione;85;1;1;05/09/2024
96;MEDIAZIONE;Casa;Condominio;Mediazione;Essenziale;Occasionale;Tutto l'anno;Migrazione;90;1;4;24/06/2025
95;QUOTE;Casa;Condominio;Quote;Essenziale;Annuale;Tutto l'anno;Migrazione;90;1;4;24/07/2025
94;RATA;Casa;Condominio;Rata;Essenziale;Annuale;Tutto l'anno;Migrazione;92;1;49;07/08/2025
100;EDILMARKET;Casa;Edilizia;Edilmarket;Utile;Occasionale;Tutto l'anno;Migrazione;80;1;5;28/04/2025
89;MUTUO;Casa;Finanziamenti;Mutuo;Essenziale;Fissa;Tutto l'anno;Migrazione;92;1;14;07/08/2025
98;LAVANDERIA;Casa;Servizi;Lavanderia;Utile;Occasionale;Tutto l'anno;Migrazione;75;1;1;04/07/2025
88;AMAZON PRIME;Casa;Servizi;Streaming;Utile;Fissa;Tutto l'anno;Migrazione;90;3;0;Mai utilizzato
86;NETFLIX;Casa;Servizi;Streaming;Voluttuario;Fissa;Tutto l'anno;Migrazione;95;3;8;01/08/2025
87;SPOTIFY;Casa;Servizi;Streaming;Voluttuario;Fissa;Tutto l'anno;Migrazione;95;3;0;Mai utilizzato
85;FASTWEB;Casa;Utenze;Internet;Essenziale;Fissa;Tutto l'anno;Migrazione;95;1;0;Mai utilizzato
83;TIM;Casa;Utenze;Telefonia;Essenziale;Fissa;Tutto l'anno;Migrazione;95;3;3;13/06/2025
82;VODAFONE;Casa;Utenze;Telefonia;Essenziale;Fissa;Tutto l'anno;Migrazione;95;3;12;11/08/2025
84;WIND;Casa;Utenze;Telefonia;Essenziale;Fissa;Tutto l'anno;Migrazione;95;3;0;Mai utilizzato
318;KHM-KHM-KA76;Cultura;Museo;Biglietti;Culturale;Occasionale;Estera;Migrazione;80;1;1;25/04/2025
104;ANTICIPO;Entrate;Lavoro;Anticipo;Entrata;Occasionale;Tutto l'anno;Migrazione;90;1;6;19/06/2025
105;MIN.INT.SEGR.DIP.TO PUBB.SICU.;Entrate;Lavoro;Ministero;Entrata;Occasionale;Tutto l'anno;Migrazione;92;1;7;19/06/2025
102;MISSIONE;Entrate;Lavoro;Missione;Entrata;Occasionale;Tutto l'anno;Migrazione;90;1;3;22/01/2025
103;SALDI MISS;Entrate;Lavoro;Saldi Miss;Entrata;Occasionale;Tutto l'anno;Migrazione;90;1;1;31/10/2024
348;Emolumenti;Entrate;Lavoro;Stipendio;Essenziale;Ricorrente;Tutto l'anno;Migrazione;100;1;16;23/07/2025
2;FARMACIA;Farmacia;Salute;Medicinali;Essenziale;Occasionale;Essenziale;Manuale;100;1;5;25/05/2025
106;BONIFICO;Finanze;Bonifici;Bonifico;Neutrale;Occasionale;Tutto l'anno;Migrazione;70;1;74;08/08/2025
107;TIME FITNESS;Fitness;Palestra;Time Fitness;Utile;Ricorrente;Tutto l'anno;Migrazione;88;1;2;03/06/2025
260;ARTE E VINO;Gastronomia;Enoteca;Arte e Vino;Voluttuario;Occasionale;Tutto l'anno;Migrazione;75;1;1;21/10/2024
241;MI' NDUJO;Gastronomia;Tipico Calabrese;Mi'Ndujo;Voluttuario;Occasionale;Tutto l'anno;Migrazione;70;1;1;17/05/2025
225;RICA GEST;Gestione Immobili;Affittacamere;Capena;Utile;Occasionale;Tutto l'anno;Migrazione;70;1;1;13/04/2025
108;CINEMA;Intrattenimento;Cinema;Biglietti;Voluttuario;Occasionale;Tutto l'anno;Migrazione;80;1;0;Mai utilizzato
109;PALESTRA;Intrattenimento;Palestra;Fitness;Utile;Fissa;Tutto l'anno;Migrazione;80;1;0;Mai utilizzato
302;MAKERE;Noleggio;Auto;Makere;Utile;Occasionale;Estiva;Migrazione;73;1;1;17/06/2025
284;Y.R.G.;Noleggio;Auto;YRG;Utile;Occasionale;Estiva;Migrazione;70;1;1;24/08/2024
204;LIS PAY;Pagamenti;E-Wallet;Digital;Neutrale;Occasionale;Tutto l'anno;Migrazione;80;1;2;22/04/2025
110;FAST PAY;Pagamento;Pedaggio;Fast Pay;Utile;Fissa;Tutto l'anno;Migrazione;80;1;1;22/02/2025
111;BARRIOLATINO;Ristorazione;Ristorante;Barriolatino;Voluttuario;Occasionale;Tutto l'anno;Migrazione;80;1;8;07/02/2025
243;ALBAMEDICA;Salute;Clinica;Albamedica;Essenziale;Occasionale;Tutto l'anno;Migrazione;75;1;1;17/09/2024
308;ANAGNINA HFB ECO;Salute;Farmacia;Centro Medico;Essenziale;Occasionale;Tutto l'anno;Migrazione;79;1;2;18/05/2025
115;GESTIONI RIUNITE;Servizi;Forniture;Gestione;Utile;Occasionale;Tutto l'anno;Migrazione;80;1;1;30/11/2024
304;NUOVA SIDAP;Servizi;Industria;Sidap;Utile;Occasionale;Tutto l'anno;Migrazione;70;1;1;13/10/2024
113;SHOP & GO;Servizi;Pagamenti Digitali;Shop&Go;Voluttuario;Occasionale;Tutto l'anno;Migrazione;75;1;1;07/12/2024
112;SUMUP;Servizi;Pagamenti Digitali;SumUp;Utile;Occasionale;Tutto l'anno;Migrazione;90;1;18;04/07/2025
339;LE SOYEUX;Shopping;Abbigliamento;Le Soyeux;Voluttuario;Occasionale;Viaggio/Estera;Migrazione;75;1;1;27/05/2025
124;PRIMARK;Shopping;Abbigliamento;Primark;Voluttuario;Occasionale;Saldi;Migrazione;80;1;1;07/12/2024
117;DECATHLON;Shopping;Abbigliamento;Sportivo;Voluttuario;Occasionale;Tutto l'anno;Migrazione;90;1;4;22/02/2025
130;ZARA;Shopping;Abbigliamento;Zara;Voluttuario;Occasionale;Saldi;Migrazione;85;1;4;22/12/2024
202;CRF MRK;Shopping;Accessori;Mercato;Utile;Occasionale;Tutto l'anno;Migrazione;75;1;1;09/07/2024
133;CASALINGHI SU LIAI;Shopping;Accessori Casa;Casalinghi Su Liai;Utile;Occasionale;Tutto l'anno;Migrazione;75;1;1;11/10/2024
298;CAR SHOP;Shopping;Auto;Car Shop;Utile;Occasionale;Tutto l'anno;Migrazione;72;1;1;28/04/2025
296;MATCH;Shopping;Book Store;Match;Utile;Occasionale;Viaggio;Migrazione;77;1;1;29/05/2025
244;MONDADORI;Shopping;Book Store;Mondadori;Utile;Occasionale;Tutto l'anno;Migrazione;78;1;1;18/05/2025
246;BRICOWARE;Shopping;Brico;Bricoware;Utile;Occasionale;Tutto l'anno;Migrazione;70;1;1;19/06/2025
118;IKEA;Shopping;Casa;Arredamento;Utile;Occasionale;Tutto l'anno;Migrazione;95;1;0;Mai utilizzato
294;EUROHOME;Shopping;Casa;Eurohome;Utile;Occasionale;Tutto l'anno;Migrazione;70;1;1;28/07/2024
235;COSMO SPA;Shopping;Cura Persona;Cosmo Spa;Utile;Occasionale;Tutto l'anno;Migrazione;80;1;2;23/05/2025
242;EURONICS;Shopping;Elettronica;Euronics;Utile;Occasionale;Tutto l'anno;Migrazione;79;1;2;17/06/2025
134;BRITANNIA;Shopping;Fitness;Britannia by N Vagabond;Utile;Occasionale;Tutto l'anno;Migrazione;75;1;1;16/08/2024
131;FACTO2;Shopping;Forniture;Fatturazione/Online;Utile;Occasionale;Tutto l'anno;Migrazione;80;1;1;30/05/2025
132;PV5649;Shopping;Forniture;PV5649;Utile;Occasionale;Tutto l'anno;Migrazione;75;1;2;07/12/2024
311;LISMARKETING;Shopping;Marketing Online;Marketing;Utile;Occasionale;Estera;Migrazione;70;1;1;18/12/2024
135;S FACTORY;Shopping;Moda;S Factory;Voluttuario;Occasionale;Tutto l'anno;Migrazione;80;1;1;22/12/2024
123;ARCA;Shopping;Negozi;ARCA;Utile;Occasionale;Tutto l'anno;Migrazione;80;1;12;01/07/2025
219;NORCINERIA LA VILLETTA;Shopping;Norcineria;Macelleria;Essenziale;Occasionale;Tutto l'anno;Migrazione;80;1;3;12/04/2025
121;AMAZON PAYMENTS;Shopping;Online;Amazon Payments;Voluttuario;Occasionale;Tutto l'anno;Migrazione;94;1;1;25/10/2024
127;IDEASVAPOSR;Shopping;Online;Ideasvapo;Voluttuario;Occasionale;Tutto l'anno;Migrazione;80;1;1;03/09/2024
126;PAYPAL;Shopping;Online;PayPal;Voluttuario;Occasionale;Tutto l'anno;Migrazione;88;1;32;01/08/2025
122;SHEIN;Shopping;Online;Shopping Online;Voluttuario;Occasionale;Tutto l'anno;Migrazione;97;1;2;25/01/2025
120;SVAPODREAM;Shopping;Online;Svapo;Voluttuario;Occasionale;Tutto l'anno;Migrazione;85;1;1;04/09/2024
228;SAPORE DI MARE;Shopping;Pescheria;Sapore di Mare;Essenziale;Occasionale;Tutto l'anno;Migrazione;80;1;1;13/10/2024
128;LUX PRODUZIONI;Shopping;Produzione;Lux Produzioni;Voluttuario;Occasionale;Tutto l'anno;Migrazione;80;1;1;08/05/2025
193;C.I.T.;Shopping;Servizi aziendali;CIT;Utile;Occasionale;Tutto l'anno;Migrazione;75;1;1;05/03/2025
287;2THELOO;Shopping;Servizi toilette;2theloo;Utile;Occasionale;Viaggio;Migrazione;74;1;1;25/05/2025
313;ALE HOP;Shopping;Souvenir;Regali;Voluttuario;Occasionale;Estera;Migrazione;80;1;1;18/12/2024
209;GRUPPO NEGOZI;Shopping;Store;Negozi;Utile;Occasionale;Tutto l'anno;Migrazione;75;1;1;11/06/2025
338;CRF LILLE;Shopping;Supermercato;Market CRF;Utile;Occasionale;Viaggio/Estera;Migrazione;78;1;1;27/05/2025
363;TABACCHI;Shopping;Tabacchino;Acquisti Vari;Utile;Occasionale;Tutto l'anno;Applicazione;80;1;1;19/04/2025
321;SUNDAYS HANDELS;Shopping;Varie;Handels;Utile;Occasionale;Estera;Migrazione;70;1;1;26/04/2025
136;SPORT;Sport;Club;Polisportiva;Utile;Ricorrente;Tutto l'anno;Migrazione;80;1;7;15/05/2025
356;CBILL/PAGOPA;Stato;Commissioni;Imposte e Tasse;Neutrale;Annuale;Tutto l'anno;Migrazione;85;1;2;19/01/2025
140;COMUNE;Stato;Tasse;Comune;Neutrale;Occasionale;Tutto l'anno;Migrazione;85;1;2;19/01/2025
139;DELEGA;Stato;Tasse;Delega Unificata;Neutrale;Occasionale;Tutto l'anno;Migrazione;92;1;3;26/05/2025
355;Automobile Club Italia;Stato;Tasse;Imposta di Bollo;Neutrale;Annuale;Tutto l'anno;Migrazione;95;2;0;Mai utilizzato
138;IMPOSTA DI BOLLO;Stato;Tasse;Imposta di Bollo;Neutrale;Annuale;Tutto l'anno;Migrazione;95;2;5;30/06/2025
149;ASSOCIAZIONE;Tempo Libero;Associazioni;Associazione;Utile;Annuale;Tutto l'anno;Migrazione;85;1;2;03/12/2024
157;BLU DEEP EMOTIONS;Tempo Libero;Associazioni;Blu Deep Emotions;Utile;Annuale;Tutto l'anno;Migrazione;85;1;4;04/10/2024
144;QUOTA ASSOCIATIVA;Tempo Libero;Associazioni;Quota Associativa;Utile;Annuale;Tutto l'anno;Migrazione;80;1;2;04/09/2024
251;CABANA;Tempo Libero;Bar;Cabana;Voluttuario;Occasionale;Estiva;Migrazione;78;1;1;20/07/2024
295;CHORUS CAFE';Tempo Libero;Bar;Chorus Cafe';Voluttuario;Occasionale;Tutto l'anno;Migrazione;77;1;1;28/12/2024
142;PONZA;Tempo Libero;Barca;Barca Ponza;Voluttuario;Occasionale;Estiva;Migrazione;88;1;5;29/06/2025
143;SOLDI;Tempo Libero;Barca;Soldi;Utile;Occasionale;Tutto l'anno;Migrazione;70;1;1;01/07/2025
159;HANAMI SUSHI;Tempo Libero;Benessere;Hanami Sushi;Voluttuario;Occasionale;Tutto l'anno;Migrazione;80;1;1;19/07/2025
161;WE MAKE;Tempo Libero;Benessere;We Make;Utile;Occasionale;Tutto l'anno;Migrazione;78;1;1;22/12/2024
154;BIBLIOBAR;Tempo Libero;Biblioteca;Bibliobar;Utile;Occasionale;Tutto l'anno;Migrazione;80;1;1;03/11/2024
277;SIEBENSTERNBRAEU;Tempo Libero;Birreria;Siebensternbraeu;Voluttuario;Occasionale;Estiva;Migrazione;85;1;1;24/04/2025
266;PLAKA CAMPING;Tempo Libero;Camping;Plaka Camping;Utile;Occasionale;Estiva;Migrazione;80;1;2;24/07/2024
152;BALAGAN;Tempo Libero;Discoteca;Balagan;Voluttuario;Occasionale;Tutto l'anno;Migrazione;80;1;1;04/07/2025
273;COUNTRY CLUB;Tempo Libero;Golf Club;Country Club;Utile;Occasionale;Tutto l'anno;Migrazione;77;1;1;23/11/2024
151;LIVE;Tempo Libero;Musica;Live;Voluttuario;Occasionale;Tutto l'anno;Migrazione;85;1;2;05/04/2025
270;CHANO CLUB;Tempo Libero;Night Club;Chano Club;Voluttuario;Occasionale;Tutto l'anno;Migrazione;73;1;1;23/04/2025
364;LABYRINTH;Tempo Libero;PUB;Pub;Base;Occasionale;Annuale;Applicazione;80;1;1;01/08/2025
272;PANAGIOTIS PLATIS;Tempo Libero;Paros;Panagiotis Platis;Voluttuario;Occasionale;Estiva;Migrazione;70;1;1;23/07/2024
196;LA CIVETTA;Tempo Libero;Ristoranti;Osteria;Voluttuario;Occasionale;Tutto l'anno;Migrazione;80;1;1;07/12/2024
158;PARCO DEI PINI;Tempo Libero;Ristorazione;Parco;Voluttuario;Occasionale;Tutto l'anno;Migrazione;80;1;1;07/09/2024
160;AMARE HOLI;Tempo Libero;Spiaggia;Amare Holi Beach;Voluttuario;Occasionale;Estiva;Migrazione;80;1;1;20/07/2025
156;RAMBLA;Tempo Libero;Spiaggia;Rambla Natural Beach;Voluttuario;Occasionale;Estiva;Migrazione;82;1;1;08/09/2024
198;AL MARE DA ANGELA;Tempo Libero;Spiaggia;Stabilimento;Voluttuario;Occasionale;Estiva;Migrazione;80;1;1;08/06/2025
285;ASD CETUS;Tempo Libero;Sport;ASD Cetus;Utile;Occasionale;Tutto l'anno;Migrazione;78;1;0;Mai utilizzato
200;ASD ANDROMEDA;Tempo Libero;Sport;Associazione;Utile;Ricorrente;Tutto l'anno;Migrazione;85;2;2;08/09/2024
352;SPORTIVA;Tempo Libero;Sport;Associazione;Utile;Ricorrente;Tutto l'anno;Migrazione;85;2;3;03/12/2024
316;A.S.D. CETUS;Tempo Libero;Sport;Associazione Sub;Utile;Annuale;Tutto l'anno;Migrazione;78;1;1;24/10/2024
145;CORSO SUB;Tempo Libero;Sport;Corso Sub;Utile;Occasionale;Tutto l'anno;Migrazione;85;1;1;05/09/2024
146;OWD;Tempo Libero;Sport;Owd;Utile;Occasionale;Tutto l'anno;Migrazione;85;1;1;04/10/2024
148;SPORT ACADEMY;Tempo Libero;Sport;Sport Academy;Utile;Occasionale;Tutto l'anno;Migrazione;80;1;1;05/07/2024
240;LIDO DON PABLO;Tempo Libero;Stabilimento;Lido Don Pablo;Voluttuario;Occasionale;Estiva;Migrazione;80;1;3;16/08/2024
297;TEATRO OPERA;Tempo Libero;Teatro;Teatro Opera;Culturale;Occasionale;Tutto l'anno;Migrazione;80;1;2;19/01/2025
247;SKY EXPRE;Tempo Libero;Viaggi;Sky Express;Voluttuario;Occasionale;Estiva;Migrazione;72;1;1;19/07/2024
257;KYKLADES TOURISTIKES;Tempo Libero;Viaggi;Tourist Office;Voluttuario;Occasionale;Estiva;Migrazione;70;1;1;21/07/2024
162;PARCHEGGIO;Trasporti;Auto;Parcheggio;Utile;Occasionale;Tutto l'anno;Migrazione;80;2;2;05/01/2025
163;SOSTA;Trasporti;Auto;Parcheggio;Utile;Occasionale;Tutto l'anno;Migrazione;70;2;0;Mai utilizzato
164;TELEPASS;Trasporti;Auto;Pedaggi;Utile;Fissa;Tutto l'anno;Migrazione;95;1;14;31/07/2025
307;ASPIT NOLA;Trasporti;Autostrade;Pedaggio;Essenziale;Occasionale;Tutto l'anno;Migrazione;80;1;1;17/08/2024
347;AGIP;Trasporti;Carburante;BENZINA;Essenziale;Ricorrente;Tutto l'anno;Manuale;100;4;0;Mai utilizzato
344;ENI;Trasporti;Carburante;BENZINA;Essenziale;Ricorrente;Tutto l'anno;Manuale;100;4;10;10/08/2025
346;Q8;Trasporti;Carburante;BENZINA;Essenziale;Ricorrente;Tutto l'anno;Manuale;100;4;6;25/06/2025
345;SHELL;Trasporti;Carburante;BENZINA;Essenziale;Ricorrente;Tutto l'anno;Manuale;100;4;0;Mai utilizzato
172;ENERPETROLI;Trasporti;Carburante;Enerpetroli;Essenziale;Occasionale;Tutto l'anno;Migrazione;85;1;2;05/01/2025
173;IP;Trasporti;Carburante;IP;Essenziale;Occasionale;Tutto l'anno;Migrazione;85;1;56;24/07/2025
174;TAMOIL;Trasporti;Carburante;Tamoil;Essenziale;Occasionale;Tutto l'anno;Migrazione;85;1;1;08/09/2024
223;STAZIONE MOLE;Trasporti;Stazioni;Stazione Mole;Utile;Occasionale;Tutto l'anno;Migrazione;70;1;1;12/08/2024
169;BOOKING;Trasporti;Trasporti pubblici;Aereo;Voluttuario;Occasionale;Tutto l'anno;Migrazione;85;2;0;Mai utilizzato
168;RYANAIR;Trasporti;Trasporti pubblici;Aereo;Voluttuario;Occasionale;Tutto l'anno;Migrazione;90;2;0;Mai utilizzato
166;ITALO;Trasporti;Trasporti pubblici;Treno;Utile;Occasionale;Tutto l'anno;Migrazione;95;2;0;Mai utilizzato
165;TRENITALIA;Trasporti;Trasporti pubblici;Treno;Utile;Occasionale;Tutto l'anno;Migrazione;95;2;0;Mai utilizzato
275;OEBB TICKET;Trasporti;Viaggi;Treno;Utile;Occasionale;Viaggio;Migrazione;80;1;2;27/04/2025
324;MARIA NOMIKOU;Viaggi;Estero;Appartamenti;Voluttuario;Occasionale;Estiva;Migrazione;70;1;1;26/07/2024
217;IL MIO PECCATO;Viaggi;Estero;Bar;Voluttuario;Occasionale;Estiva;Migrazione;72;2;1;11/07/2025
216;SIFONIOU KALLIOPI;Viaggi;Estero;Bar;Voluttuario;Occasionale;Estiva;Migrazione;72;2;1;11/07/2025
280;CHRYSOVALANTOU;Viaggi;Estero;Beach;Voluttuario;Occasionale;Estiva;Migrazione;70;3;1;24/07/2024
227;LADIKO RODOY;Viaggi;Estero;Beach;Voluttuario;Occasionale;Estiva;Migrazione;75;3;1;13/07/2025
222;PARALIA AGATHI;Viaggi;Estero;Beach;Voluttuario;Occasionale;Estiva;Migrazione;75;3;1;12/07/2025
326;NOMIKOS MAPKOS;Viaggi;Estero;Casa Vacanze;Voluttuario;Occasionale;Estiva;Migrazione;70;3;1;27/07/2024
327;SYMIDALAS ILIAS;Viaggi;Estero;Casa Vacanze;Voluttuario;Occasionale;Estiva;Migrazione;70;3;1;27/07/2024
325;THEOLOGITIS DIMITRIO;Viaggi;Estero;Casa Vacanze;Voluttuario;Occasionale;Estiva;Migrazione;70;3;2;27/07/2024
252;AGOSTA NAOUSA;Viaggi;Estero;Naousa;Voluttuario;Occasionale;Estiva;Migrazione;74;1;1;20/07/2024
329;MARIA DAMIGOU;Viaggi;Estero;Porto;Voluttuario;Occasionale;Estiva;Migrazione;70;1;1;28/07/2024
303;TSAMPIKOS ATSAIDIS;Viaggi;Estero;Ristorante Grecia;Voluttuario;Occasionale;Estiva;Migrazione;72;1;2;13/07/2025
215;LACHANIATI;Viaggi;Estero;Ristoranti;Voluttuario;Occasionale;Estiva;Migrazione;74;3;1;11/07/2025
214;TZIVELEK;Viaggi;Estero;Ristoranti;Voluttuario;Occasionale;Estiva;Migrazione;75;3;1;11/07/2025
203;VAGIANOY;Viaggi;Estero;Ristoranti;Voluttuario;Occasionale;Viaggio/Estivo;Migrazione;73;3;1;09/07/2025
199;SATU SINIKKA ANDRIKU;Viaggi;Estero;Servizi;Voluttuario;Occasionale;Viaggio/Estivo;Migrazione;75;1;2;09/07/2025
300;SKY;Viaggi;Estero;Travel;Voluttuario;Occasionale;Estiva;Migrazione;75;1;2;26/12/2024
213;TSAMPIKOS WATERSPO;Viaggi;Estero;Water Sport;Voluttuario;Occasionale;Estiva;Migrazione;70;1;1;11/07/2025
182;GRAND HOTEL;Viaggi;Hotel;Grand Hotel;Voluttuario;Occasionale;Estiva;Migrazione;90;1;2;07/05/2025
183;HAVANA BEACH;Viaggi;Hotel;Havana Beach;Voluttuario;Occasionale;Estiva;Migrazione;90;1;8;01/05/2025
221;HOTEL MILANO;Viaggi;Hotel;Hotel Milano;Voluttuario;Occasionale;Viaggio;Migrazione;80;1;1;12/06/2025
362;LILLE FRA;Viaggi;Lavoro;LILLE;Voluttuario;Occasionale;Tutto l'anno;Applicazione;80;1;9;30/05/2025
350;BARCELONA;Viaggi;Personali;Barcellona;Voluttuario;Occasionale;Estiva;Migrazione;85;1;11;29/09/2024
180;SCI;Viaggi;Personali;LEZIONE SCI;Voluttuario;Occasionale;Invernale;Migrazione;85;1;10;15/06/2025
178;RODI;Viaggi;Personali;RODI;Voluttuario;Occasionale;Estiva;Migrazione;85;2;1;06/06/2025
357;RODOS;Viaggi;Personali;RODI;Voluttuario;Occasionale;Estiva;Migrazione;85;2;11;15/07/2025
179;SALDO;Viaggi;Personali;SALDO VIAGGIO;Voluttuario;Occasionale;Tutto l'anno;Migrazione;82;1;18;31/07/2025
176;SPESE;Viaggi;Personali;SPESE VIAGGIO;Voluttuario;Occasionale;Estiva;Migrazione;88;1;18;07/08/2025
177;VIENNA;Viaggi;Personali;VIENNA;Voluttuario;Occasionale;Invernale;Migrazione;85;1;3;23/04/2025
175;VIAGGIO;Viaggi;Personali;Viaggio;Voluttuario;Occasionale;Estiva;Migrazione;90;1;11;08/08/2025
190;STAZIONE TTP;Viaggi;Trasporti;Stazione TTP Appia;Utile;Occasionale;Tutto l'anno;Migrazione;80;1;1;14/06/2025
290;BLUE STAR;Viaggi;Trasporto;Traghetto;Utile;Occasionale;Viaggio;Migrazione;82;1;1;25/07/2024
188;AUTOGRILL;Viaggi;Viaggi Organizzati;Autogrill;Voluttuario;Occasionale;Viaggio;Migrazione;82;1;4;07/07/2025
185;LINDOS;Viaggi;Viaggi Organizzati;Lindos;Voluttuario;Occasionale;Estiva;Migrazione;80;1;1;08/07/2025
187;PARK AND FLY;Viaggi;Viaggi Organizzati;Park and Fly;Voluttuario;Occasionale;Estiva;Migrazione;80;1;3;07/07/2025
184;RHODOS;Viaggi;Viaggi Organizzati;Rhodos;Voluttuario;Occasionale;Estiva;Migrazione;90;1;1;07/07/2025
186;SKLAVENITIS;Viaggi;Viaggi Organizzati;Sklavenitis;Voluttuario;Occasionale;Estiva;Migrazione;80;1;1;08/07/2025
